id,name,slug,type,status,featured,catalog_visibility,price,regular_price,sale_price,on_sale,stock_status,stock_quantity,sku,date_created,date_modified
3320,כיתת אימוג'י,%d7%9b%d7%99%d7%aa%d7%aa-%d7%90%d7%99%d7%9e%d7%95%d7%92%d7%99,simple,publish,False,visible,40,40,,False,instock,,,2019-08-05T20:25:38,2024-09-26T11:32:26
3334,תגים לכתיבת שמות התלמידים ודף הכרות עם התלמיד/ה וההורה,%d7%aa%d7%92%d7%99%d7%9d-%d7%9c%d7%9b%d7%aa%d7%99%d7%91%d7%aa-%d7%a9%d7%9e%d7%95%d7%aa-%d7%94%d7%aa%d7%9c%d7%9e%d7%99%d7%93%d7%99%d7%9d-%d7%95%d7%93%d7%a3-%d7%94%d7%9b%d7%a8%d7%95%d7%aa-%d7%a2%d7%9d,simple,publish,False,visible,15,15,,False,instock,,,2019-08-05T20:40:32,2024-09-26T11:24:19
3359,כיתת קקטוסים,%d7%9b%d7%99%d7%aa%d7%aa-%d7%a7%d7%a7%d7%98%d7%95%d7%a1%d7%99%d7%9d,simple,publish,False,visible,35,35,,False,instock,,,2019-08-06T10:25:49,2023-08-12T18:14:13
3372,אסיפת הורים- קקטוסים,%d7%90%d7%a1%d7%99%d7%a4%d7%aa-%d7%94%d7%95%d7%a8%d7%99%d7%9d-%d7%a7%d7%a7%d7%98%d7%95%d7%a1%d7%99%d7%9d,simple,publish,False,visible,15,15,,False,instock,,,2019-08-06T10:41:47,2020-07-29T19:41:48
3386,כיתת גיבורי על,%d7%9b%d7%99%d7%aa%d7%aa-%d7%92%d7%99%d7%91%d7%95%d7%a8%d7%99-%d7%a2%d7%9c,simple,publish,False,visible,35,35,,False,instock,,,2019-08-06T14:32:06,2024-08-12T18:58:49
3401,מחברת ניהול כיתה,%d7%9e%d7%97%d7%91%d7%a8%d7%aa-%d7%a0%d7%99%d7%94%d7%95%d7%9c-%d7%9b%d7%99%d7%aa%d7%94,simple,publish,False,visible,15,15,,False,instock,,,2019-08-06T15:16:23,2024-09-26T11:24:01
3421,ערכת עבודה לכיתת קוסמים,%d7%a2%d7%a8%d7%9b%d7%aa-%d7%a2%d7%91%d7%95%d7%93%d7%94-%d7%9c%d7%9b%d7%99%d7%aa%d7%aa-%d7%a7%d7%95%d7%a1%d7%9e%d7%99%d7%9d,simple,publish,False,visible,11,11,,False,instock,,,2019-08-06T15:43:10,2020-07-29T19:40:57
3435,כיתת פיראטים,%d7%9b%d7%99%d7%aa%d7%aa-%d7%a4%d7%99%d7%a8%d7%90%d7%98%d7%99%d7%9d,simple,publish,False,visible,35,35,,False,instock,,,2019-08-06T18:46:00,2024-09-26T11:31:38
3455,ערכת עבודה לכיתת פיראטים,%d7%a2%d7%a8%d7%9b%d7%aa-%d7%a2%d7%91%d7%95%d7%93%d7%94-%d7%9c%d7%9b%d7%99%d7%aa%d7%aa-%d7%a4%d7%99%d7%a8%d7%90%d7%98%d7%99%d7%9d,simple,publish,False,visible,16,16,,False,instock,,,2019-08-06T19:27:42,2020-07-29T19:43:01
3710,ערכה למחנכים לשבוע הראשון בכיתה א',%d7%a2%d7%a8%d7%9b%d7%94-%d7%9c%d7%9e%d7%97%d7%a0%d7%9b%d7%99%d7%9d-%d7%9c%d7%a9%d7%91%d7%95%d7%a2-%d7%94%d7%a8%d7%90%d7%a9%d7%95%d7%9f-%d7%91%d7%9b%d7%99%d7%aa%d7%94-%d7%90,simple,publish,False,visible,48,48,,False,instock,,,2019-08-13T14:51:57,2024-09-26T10:58:00
3919,"כיתת ""למה""",%d7%9b%d7%99%d7%aa%d7%aa-%d7%9c%d7%9e%d7%94,simple,publish,False,visible,40,40,,False,instock,,,2019-08-17T15:40:24,2024-09-26T11:31:10
4128,אסיפת הורים - ילדים מתוקים,%d7%90%d7%a1%d7%99%d7%a4%d7%aa-%d7%94%d7%95%d7%a8%d7%99%d7%9d-%d7%99%d7%9c%d7%93%d7%99%d7%9d-%d7%9e%d7%aa%d7%95%d7%a7%d7%99%d7%9d,simple,publish,False,visible,13,13,,False,instock,,,2019-08-22T22:05:51,2024-09-26T11:23:36
6292,זמן מרכזונים- קובץ דיגיטלי של כרטיסיות מעוצבות ליצירת לוח לניהול מרכזונים בכיתה,%d7%96%d7%9e%d7%9f-%d7%9e%d7%a8%d7%9b%d7%96%d7%95%d7%a0%d7%99%d7%9d-%d7%a7%d7%95%d7%91%d7%a5-%d7%93%d7%99%d7%92%d7%99%d7%98%d7%9c%d7%99-%d7%a9%d7%9c-%d7%9b%d7%a8%d7%98%d7%99%d7%a1%d7%99%d7%95%d7%aa,simple,publish,False,visible,20,20,,False,instock,,,2019-11-09T20:37:38,2020-07-29T19:39:27
6753,מרכזונים ודפי עבודה לחג חנוכה- קבצים דיגיטליים,%d7%9e%d7%a8%d7%9b%d7%96%d7%95%d7%a0%d7%99%d7%9d-%d7%95%d7%93%d7%a4%d7%99-%d7%a2%d7%91%d7%95%d7%93%d7%94-%d7%9c%d7%97%d7%92-%d7%97%d7%a0%d7%95%d7%9b%d7%94-%d7%a7%d7%91%d7%a6%d7%99%d7%9d-%d7%93%d7%99,simple,publish,False,visible,20,20,,False,instock,,,2019-11-26T19:33:35,2024-09-26T11:16:18
7000,חוברת דיגיטלית להכרת האותיות ומודעות פונולוגית,%d7%97%d7%95%d7%91%d7%a8%d7%aa-%d7%93%d7%99%d7%92%d7%99%d7%98%d7%9c%d7%99%d7%aa-%d7%9c%d7%94%d7%9b%d7%a8%d7%aa-%d7%94%d7%90%d7%95%d7%aa%d7%99%d7%95%d7%aa-%d7%95%d7%9e%d7%95%d7%93%d7%a2%d7%95%d7%aa,simple,publish,False,visible,28,28,,False,instock,,,2019-12-03T20:38:51,2024-09-26T11:04:03
8029,מרכזי למידה לחורף- קובץ דיגיטלי,%d7%9e%d7%a8%d7%9b%d7%96%d7%99-%d7%9c%d7%9e%d7%99%d7%93%d7%94-%d7%9c%d7%97%d7%95%d7%a8%d7%a3-%d7%a7%d7%95%d7%91%d7%a5-%d7%93%d7%99%d7%92%d7%99%d7%98%d7%9c%d7%99,simple,publish,False,visible,18,18,,False,instock,,,2020-01-09T19:58:08,2024-09-26T11:15:29
8955,"משחק ""שדוני התנועות""- משחק לרכישת הקריאה- קובץ דיגיטלי",%d7%9e%d7%a9%d7%97%d7%a7-%d7%a9%d7%93%d7%95%d7%a0%d7%99-%d7%94%d7%aa%d7%a0%d7%95%d7%a2%d7%95%d7%aa-%d7%9e%d7%a9%d7%97%d7%a7-%d7%9c%d7%a8%d7%9b%d7%99%d7%a9%d7%aa-%d7%94%d7%a7%d7%a8%d7%99%d7%90,simple,publish,False,visible,18,18,,False,instock,,,2020-02-10T20:11:59,2024-09-26T11:25:43
9046,ערכת אביב לרענון הכיתה- קובץ דיגיטלי,%d7%a2%d7%a8%d7%9b%d7%aa-%d7%90%d7%91%d7%99%d7%91-%d7%9c%d7%a8%d7%a2%d7%a0%d7%95%d7%9f-%d7%94%d7%9b%d7%99%d7%aa%d7%94-%d7%a7%d7%95%d7%91%d7%a5-%d7%93%d7%99%d7%92%d7%99%d7%98%d7%9c%d7%99,simple,publish,False,visible,10,10,,False,instock,,,2020-02-29T19:29:39,2024-09-26T11:15:08
9389,ברזיל - קובץ דיגיטלי,%d7%91%d7%a8%d7%96%d7%99%d7%9c-%d7%a7%d7%95%d7%91%d7%a5-%d7%93%d7%99%d7%92%d7%99%d7%98%d7%9c%d7%99,simple,publish,False,visible,17,17,,False,instock,,,2020-05-03T18:59:29,2020-07-29T19:28:51
9404,רוסיה- קובץ דיגיטלי,%d7%a8%d7%95%d7%a1%d7%99%d7%94,simple,publish,False,visible,17,17,,False,instock,,,2020-05-03T19:04:27,2020-07-29T19:25:49
9407,הולנד- קובץ דיגיטלי,%d7%94%d7%95%d7%9c%d7%a0%d7%93,simple,publish,False,visible,17,17,,False,instock,,,2020-05-03T19:08:43,2020-07-29T19:25:23
9415,ספרד- קובץ דיגיטלי,%d7%a1%d7%a4%d7%a8%d7%93,simple,publish,False,visible,17,17,,False,instock,,,2020-05-03T19:11:32,2020-07-29T19:25:12
9417,סין- קובץ דיגיטלי,%d7%a1%d7%99%d7%9f,simple,publish,False,visible,17,17,,False,instock,,,2020-05-03T19:14:03,2020-07-29T19:25:03
9419,הודו- קובץ דיגיטלי,%d7%94%d7%95%d7%93%d7%95,simple,publish,False,visible,17,17,,False,instock,,,2020-05-03T19:16:33,2020-07-29T19:24:53
9421,מקסיקו- קובץ דיגיטלי,%d7%9e%d7%a7%d7%a1%d7%99%d7%a7%d7%95,simple,publish,False,visible,17,17,,False,instock,,,2020-05-03T19:19:21,2020-07-29T19:24:43
9423,צרפת- קובץ דיגיטלי,%d7%a6%d7%a8%d7%a4%d7%aa,simple,publish,False,visible,17,17,,False,instock,,,2020-05-03T19:22:02,2020-07-29T19:24:32
9425,מסביב לעולם סט 4 מדינות- הולנד-צרפת-ברזיל-הודו. קבלו מדינה במתנה- ישראל!,%d7%9e%d7%a1%d7%91%d7%99%d7%91-%d7%9c%d7%a2%d7%95%d7%9c%d7%9d-%d7%a1%d7%98-4-%d7%9e%d7%93%d7%99%d7%a0%d7%95%d7%aa-%d7%94%d7%95%d7%9c%d7%a0%d7%93-%d7%a6%d7%a8%d7%a4%d7%aa-%d7%91%d7%a8%d7%96%d7%99,simple,publish,False,visible,54,54,,False,instock,,,2020-05-03T19:48:02,2020-07-29T19:24:21
9433,מסביב לעולם- סט 4 מדינות- רוסיה-סין-מקסיקו-ספרד. קבלו את ישראל מתנה!,%d7%9e%d7%a1%d7%91%d7%99%d7%91-%d7%9c%d7%a2%d7%95%d7%9c%d7%9d-%d7%a1%d7%98-4-%d7%9e%d7%93%d7%99%d7%a0%d7%95%d7%aa-%d7%a8%d7%95%d7%a1%d7%99%d7%94-%d7%a1%d7%99%d7%9f-%d7%9e%d7%a7%d7%a1%d7%99%d7%a7,simple,publish,False,visible,54,54,,False,instock,,,2020-05-03T20:00:00,2020-07-29T19:24:08
9437,סט 8 מדינות- קובץ דיגיטלי. קבלו את ישראל במתנה!,%d7%a1%d7%98-8-%d7%9e%d7%93%d7%99%d7%a0%d7%95%d7%aa-%d7%91%d7%a8%d7%96%d7%99%d7%9c-%d7%a8%d7%95%d7%a1%d7%99%d7%94-%d7%94%d7%95%d7%9c%d7%a0%d7%93-%d7%a1%d7%a4%d7%a8%d7%93-%d7%a1%d7%99%d7%9f-%d7%94,simple,publish,False,visible,75,75,,False,instock,,,2020-05-03T20:07:34,2024-09-26T11:02:07
9527,שבועות- קבצים דיגיטליים,%d7%a9%d7%91%d7%95%d7%a2%d7%95%d7%aa-%d7%a7%d7%91%d7%a6%d7%99%d7%9d-%d7%93%d7%99%d7%92%d7%99%d7%98%d7%9c%d7%99%d7%99%d7%9d,simple,publish,False,visible,15,15,,False,instock,,,2020-05-23T19:41:56,2024-09-26T11:14:00
9580,תעודה קצת אחרת- קובץ דיגיטלי,%d7%aa%d7%a2%d7%95%d7%93%d7%94-%d7%a7%d7%a6%d7%aa-%d7%90%d7%97%d7%a8%d7%aa-%d7%a7%d7%95%d7%91%d7%a5-%d7%93%d7%99%d7%92%d7%99%d7%98%d7%9c%d7%99,simple,publish,False,visible,17,17,,False,instock,,,2020-05-27T10:24:25,2021-01-09T19:35:26
9599,מגילת רות- קובץ דיגיטלי,%d7%9e%d7%92%d7%99%d7%9c%d7%aa-%d7%a8%d7%95%d7%aa-%d7%a7%d7%95%d7%91%d7%a5-%d7%93%d7%99%d7%92%d7%99%d7%98%d7%9c%d7%99,simple,publish,False,visible,17,17,,False,instock,,,2020-05-28T12:29:33,2024-09-26T11:13:33
9660,"""הגרילו וקראו""- פעילות לעבודה על שטף קריאה בקבוצות קטנות",%d7%94%d7%92%d7%a8%d7%99%d7%9c%d7%95-%d7%95%d7%a7%d7%a8%d7%90%d7%95-%d7%a4%d7%a2%d7%99%d7%9c%d7%95%d7%aa-%d7%9c%d7%a2%d7%91%d7%95%d7%93%d7%94-%d7%a2%d7%9c-%d7%a9%d7%98%d7%a3-%d7%a7%d7%a8%d7%99,simple,publish,False,visible,17,17,,False,instock,,,2020-06-04T21:26:48,2024-09-26T11:25:26
9711,"סיפור ""ההרפתקה של האות ב""+ תומכי זיכרון ופעילויות נלוות לסיכום רכישת הקריאה",%d7%a1%d7%99%d7%a4%d7%95%d7%a8-%d7%94%d7%94%d7%a8%d7%a4%d7%aa%d7%a7%d7%94-%d7%a9%d7%9c-%d7%94%d7%90%d7%95%d7%aa-%d7%91-%d7%aa%d7%95%d7%9e%d7%9b%d7%99-%d7%96%d7%99%d7%9b%d7%a8%d7%95%d7%9f-%d7%95,simple,publish,False,visible,23,23,,False,instock,,,2020-06-10T12:54:27,2024-09-26T11:25:11
9844,כיתת חלל- קבצים דיגיטליים,%d7%9b%d7%99%d7%aa%d7%aa-%d7%97%d7%9c%d7%9c,simple,publish,False,visible,65,65,,False,instock,,,2020-07-18T14:27:00,2024-09-26T11:30:58
9880,הכיתה הפרהיסטורית- קבצים דיגיטליים,%d7%94%d7%9b%d7%99%d7%aa%d7%94-%d7%94%d7%a4%d7%a8%d7%94%d7%99%d7%a1%d7%98%d7%95%d7%a8%d7%99%d7%aa-%d7%a7%d7%91%d7%a6%d7%99%d7%9d-%d7%93%d7%99%d7%92%d7%99%d7%98%d7%9c%d7%99%d7%99%d7%9d,simple,publish,False,visible,45,45,,False,instock,,,2020-07-19T21:01:30,2024-09-26T11:30:50
9922,כיתת תפוחים- קבצים דיגיטליים,%d7%9b%d7%99%d7%aa%d7%aa-%d7%aa%d7%a4%d7%95%d7%97%d7%99%d7%9d-%d7%a7%d7%91%d7%a6%d7%99%d7%9d-%d7%93%d7%99%d7%92%d7%99%d7%98%d7%9c%d7%99%d7%99%d7%9d,simple,publish,False,visible,40,40,,False,instock,,,2020-07-26T21:22:10,2024-09-26T11:30:40
9936,כיתה בשחור-לבן- קבצים דיגיטליים,%d7%9b%d7%99%d7%aa%d7%94-%d7%91%d7%a9%d7%97%d7%95%d7%a8-%d7%9c%d7%91%d7%9f-%d7%a7%d7%91%d7%a6%d7%99%d7%9d-%d7%93%d7%99%d7%92%d7%99%d7%98%d7%9c%d7%99%d7%99%d7%9d,simple,publish,False,visible,35,35,,False,instock,,,2020-07-26T22:27:50,2024-09-26T11:30:32
10030,כיתת מיקי מאוס- קבצים דיגיטליים,%d7%9b%d7%99%d7%aa%d7%aa-%d7%9e%d7%99%d7%a7%d7%99-%d7%9e%d7%90%d7%95%d7%a1-%d7%a7%d7%91%d7%a6%d7%99%d7%9d-%d7%93%d7%99%d7%92%d7%99%d7%98%d7%9c%d7%99%d7%99%d7%9d,simple,publish,False,visible,45,45,,False,instock,,,2020-08-03T18:48:38,2024-09-26T11:30:21
10168,כיתה מהסרטים - קבצים דיגיטליים,%d7%9b%d7%99%d7%aa%d7%94-%d7%9e%d7%94%d7%a1%d7%a8%d7%98%d7%99%d7%9d-%d7%a7%d7%91%d7%a6%d7%99%d7%9d-%d7%93%d7%99%d7%92%d7%99%d7%98%d7%9c%d7%99%d7%99%d7%9d,simple,publish,False,visible,45,45,,False,instock,,,2020-08-16T22:47:49,2024-08-12T18:53:49
10235,כיתת פנדה- קבצים דיגיטליים,%d7%9b%d7%99%d7%aa%d7%aa-%d7%a4%d7%a0%d7%93%d7%94-%d7%a7%d7%91%d7%a6%d7%99%d7%9d-%d7%93%d7%99%d7%92%d7%99%d7%98%d7%9c%d7%99%d7%99%d7%9d,simple,publish,False,visible,45,45,,False,instock,,,2020-08-22T22:07:38,2024-08-12T18:53:03
10619,"תעודה ""קצת אחרת"" כולל רכישת זכויות יוצרים- קובץ דיגיטלי",%d7%aa%d7%a2%d7%95%d7%93%d7%94-%d7%a7%d7%a6%d7%aa-%d7%90%d7%97%d7%a8%d7%aa-%d7%9b%d7%95%d7%9c%d7%9c-%d7%a8%d7%9b%d7%99%d7%a9%d7%aa-%d7%96%d7%9b%d7%95%d7%99%d7%95%d7%aa-%d7%99%d7%95%d7%a6%d7%a8,simple,publish,False,visible,50,50,,False,instock,,,2020-12-14T11:43:29,2021-01-12T20:51:44
10732,"קובץ דיגיטלי תעודה ""קצת אחרת"" גיבורי על כולל זכויות יוצרים!",%d7%a7%d7%95%d7%91%d7%a5-%d7%93%d7%99%d7%92%d7%99%d7%98%d7%9c%d7%99-%d7%aa%d7%a2%d7%95%d7%93%d7%94-%d7%a7%d7%a6%d7%aa-%d7%90%d7%97%d7%a8%d7%aa-%d7%92%d7%99%d7%91%d7%95%d7%a8%d7%99-%d7%a2%d7%9c,simple,publish,False,visible,50,50,,False,instock,,,2021-01-25T20:26:58,2024-09-26T11:22:30
10740,"קובץ דיגיטלי תעודה ""קצת אחרת"" גיבורי על ללא זכויות יוצרים",%d7%a7%d7%95%d7%91%d7%a5-%d7%93%d7%99%d7%92%d7%99%d7%98%d7%9c%d7%99-%d7%aa%d7%a2%d7%95%d7%93%d7%94-%d7%a7%d7%a6%d7%aa-%d7%90%d7%97%d7%a8%d7%aa-%d7%92%d7%99%d7%91%d7%95%d7%a8%d7%99-%d7%a2%d7%9c-2,simple,publish,False,visible,17,17,,False,instock,,,2021-01-25T20:31:46,2024-09-26T11:22:01
11036,"פוסטר ""חברות""- קובץ דיגיטלי",%d7%a4%d7%95%d7%a1%d7%98%d7%a8-%d7%97%d7%91%d7%a8%d7%95%d7%aa-%d7%a7%d7%95%d7%91%d7%a5-%d7%93%d7%99%d7%92%d7%99%d7%98%d7%9c%d7%99,simple,publish,False,visible,25,25,,False,instock,,,2021-07-26T11:24:50,2024-09-26T11:29:33
11045,"פוסטר ""תהיו מיוחדים תהיו אתם""- קובץ דיגיטלי",%d7%a4%d7%95%d7%a1%d7%98%d7%a8-%d7%aa%d7%94%d7%99%d7%95-%d7%9e%d7%99%d7%95%d7%97%d7%93%d7%99%d7%9d-%d7%aa%d7%94%d7%99%d7%95-%d7%90%d7%aa%d7%9d-%d7%a7%d7%95%d7%91%d7%a5-%d7%93%d7%99%d7%92%d7%99,simple,publish,False,visible,25,25,,False,instock,,,2021-07-26T12:27:22,2024-09-26T11:29:22
11131,כיתת בוהו שיק לקטנטנים- קבצים דיגיטליים,%d7%9b%d7%99%d7%aa%d7%aa-%d7%91%d7%95%d7%94%d7%95-%d7%a9%d7%95%d7%a7-%d7%9c%d7%a7%d7%98%d7%a0%d7%98%d7%a0%d7%99%d7%9d-%d7%a7%d7%91%d7%a6%d7%99%d7%9d-%d7%93%d7%99%d7%92%d7%99%d7%98%d7%9c%d7%99%d7%99,simple,publish,False,visible,55,55,,False,instock,,,2021-08-14T15:40:57,2024-09-26T11:29:16
11263,כיתת בוהו שיק סגנון 2,%d7%9b%d7%99%d7%aa%d7%aa-%d7%91%d7%95%d7%94%d7%95-%d7%a9%d7%99%d7%a7-%d7%a1%d7%92%d7%a0%d7%95%d7%9f-2,simple,publish,False,visible,62,62,,False,instock,,,2021-08-29T11:38:44,2024-09-26T11:29:09
11899,כיתת תפוזים- קבצים דיגיטליים,%d7%9b%d7%99%d7%aa%d7%aa-%d7%aa%d7%a4%d7%95%d7%96%d7%99%d7%9d,simple,publish,False,visible,55,55,,False,instock,,,2022-08-01T11:25:35,2024-09-26T11:29:00
11989,כיתת אננס קבצים דיגיטליים,,simple,draft,False,visible,,,,False,instock,,,,2022-08-08T12:27:00
11994,כיתת אננס קבצים דיגיטליים,,simple,draft,False,visible,,,,False,instock,,,,2022-08-08T19:09:40
11995,כיתת אננס קבצים דיגיטליים,%d7%9b%d7%99%d7%aa%d7%aa-%d7%90%d7%a0%d7%a0%d7%a1-%d7%a7%d7%91%d7%a6%d7%99%d7%9d-%d7%93%d7%99%d7%92%d7%99%d7%98%d7%9c%d7%99%d7%99%d7%9d,simple,publish,False,visible,55,55,,False,instock,,,2022-08-08T20:38:23,2024-09-26T11:28:20
12077,כיתת מניונים- קבצים דיגיטליים,%d7%9b%d7%99%d7%aa%d7%aa-%d7%9e%d7%a0%d7%99%d7%95%d7%a0%d7%99%d7%9d-%d7%a7%d7%91%d7%a6%d7%99%d7%9d-%d7%93%d7%99%d7%92%d7%99%d7%98%d7%9c%d7%99%d7%99%d7%9d,simple,publish,False,visible,45,45,,False,instock,,,2022-08-18T10:27:48,2024-09-26T11:28:13
12836,"כיתת ""חברות""- קבצים דיגיטליים",%d7%9b%d7%99%d7%aa%d7%aa-%d7%97%d7%91%d7%a8%d7%95%d7%aa-%d7%a7%d7%91%d7%a6%d7%99%d7%9d-%d7%93%d7%99%d7%92%d7%99%d7%98%d7%9c%d7%99%d7%99%d7%9d,simple,publish,False,visible,65,65,,False,instock,,,2023-07-17T20:13:08,2024-09-26T11:28:06
12892,כיתת הארי פוטר/ מכשפים- קבצים דיגיטליים,,simple,draft,False,visible,,,,False,instock,,,,2023-07-26T18:40:47
12901,כיתת הארי פוטר/ מכשפים- קבצים דיגיטליים,%d7%9b%d7%99%d7%aa%d7%aa-%d7%94%d7%90%d7%a8%d7%99-%d7%a4%d7%95%d7%98%d7%a8-%d7%9e%d7%9b%d7%a9%d7%a4%d7%99%d7%9d-%d7%a7%d7%91%d7%a6%d7%99%d7%9d-%d7%93%d7%99%d7%92%d7%99%d7%98%d7%9c%d7%99%d7%99%d7%9d,simple,publish,False,visible,65,65,,False,instock,,,2023-07-26T19:10:26,2023-07-26T19:10:45
13059,תגי שמות למגירות בעיצובים שונים- קבצים דיגיטליים,,simple,draft,False,visible,,,,False,instock,,,,2023-08-24T18:38:40
13064,תגי שמות למגירות בעיצובים שונים- קבצים דיגיטליים,%d7%aa%d7%92%d7%99-%d7%a9%d7%9e%d7%95%d7%aa-%d7%9c%d7%9e%d7%92%d7%99%d7%a8%d7%95%d7%aa-%d7%91%d7%a2%d7%99%d7%a6%d7%95%d7%91%d7%99%d7%9d-%d7%a9%d7%95%d7%a0%d7%99%d7%9d-%d7%a7%d7%91%d7%a6%d7%99%d7%9d,simple,publish,False,visible,18,18,,False,instock,,,2023-08-24T18:47:52,2024-09-26T11:21:33
13810,כיתה בכחול לבן- קבצים דיגיטליים,%d7%9b%d7%99%d7%aa%d7%94-%d7%91%d7%9b%d7%97%d7%95%d7%9c-%d7%9c%d7%91%d7%9f-%d7%a7%d7%91%d7%a6%d7%99%d7%9d-%d7%93%d7%99%d7%92%d7%99%d7%98%d7%9c%d7%99%d7%99%d7%9d,simple,publish,False,visible,55,55,,False,instock,,,2024-08-16T19:39:39,2024-09-26T11:27:32
14501,כיתת לילו וסטיץ- קבצים דיגיטליים,%d7%9b%d7%99%d7%aa%d7%aa-%d7%9c%d7%99%d7%9c%d7%95-%d7%95%d7%a1%d7%98%d7%99%d7%a5-%d7%a7%d7%91%d7%a6%d7%99%d7%9d-%d7%93%d7%99%d7%92%d7%99%d7%98%d7%9c%d7%99%d7%99%d7%9d,simple,publish,False,visible,65,65,,False,instock,,,2025-08-09T11:06:26,2025-08-09T11:06:26
